split_id,row_index,gest_ngm_glove300_temporal_a,gest_ngm_glove300_temporal_b,label
development/dev_track_a,1,0.06453838441703738,0.05764873239656794,False
development/dev_track_a,2,0.07343885306744773,0.0806935225810808,True
development/dev_track_a,3,0.06493088706389007,0.0942849583591089,False
development/dev_track_a,4,0.048533322394871486,0.06132832992188285,False
development/dev_track_a,5,0.05689198736878155,0.04078296718119934,False
development/dev_track_a,6,0.031261929510975506,0.06082292193655268,False
development/dev_track_a,7,0.12032390221832871,0.1262763392510911,False
development/dev_track_a,8,0.08771146763622968,0.06467421029629847,False
development/dev_track_a,9,0.035946666325386775,0.07585173216194947,True
development/dev_track_a,10,0.06756771683233183,0.062022516904538354,True
development/dev_track_a,11,0.1035375161227907,0.045646082214894065,True
development/dev_track_a,12,0.0356388251432211,0.05035404245163988,True
development/dev_track_a,13,0.08538278298300726,0.11099173575223929,True
development/dev_track_a,14,0.04852782696770527,0.04390712016331493,True
development/dev_track_a,15,0.06378995717973408,0.11307830307209661,False
development/dev_track_a,16,0.09163591001962076,0.06388773954163009,True
development/dev_track_a,17,0.0998714693705457,0.055150605315602216,True
development/dev_track_a,18,0.0513943338982053,0.050827668596042166,False
development/dev_track_a,19,0.09181544836752482,0.10628168462410566,True
development/dev_track_a,20,0.03157255140944826,0.04485532843789958,True
development/dev_track_a,21,0.10204768141292422,0.09605499566285852,True
development/dev_track_a,22,0.09682109434094592,0.10067420455114172,True
development/dev_track_a,23,0.07216268689160371,0.08499755440634674,False
development/dev_track_a,24,0.06891189717578626,0.051571942828041555,True
development/dev_track_a,25,0.12123325816871976,0.07607703300833496,True
development/dev_track_a,26,0.0456589757582921,0.03383608408243664,True
development/dev_track_a,27,0.07097032961418728,0.050305520864791835,False
development/dev_track_a,28,0.04869706219103011,0.06227010536215808,True
development/dev_track_a,29,0.07217283738641338,0.0647763485626302,True
development/dev_track_a,30,0.02403089341996155,0.0542976227989251,True
development/dev_track_a,31,0.04313607796188007,0.06766718115959663,False
development/dev_track_a,32,0.03744261351048707,0.02860824918657267,False
development/dev_track_a,33,0.05739752740288995,0.04684756253189314,False
development/dev_track_a,34,0.05869473122792815,0.058173292658549106,True
development/dev_track_a,35,0.0901812722530212,0.0489836054778632,True
development/dev_track_a,36,0.04163117352677208,0.060044477375824024,True
development/dev_track_a,37,0.050345244028548015,0.0843493846615714,False
development/dev_track_a,38,0.06048938054592752,0.10283357540459624,False
development/dev_track_a,39,0.058925727749974746,0.07055421886320545,False
development/dev_track_a,40,0.10247737972366686,0.12976855626753092,True
development/dev_track_a,41,0.09982392681999158,0.051914196466087595,True
development/dev_track_a,42,0.05548893867658806,0.05098291927437367,True
development/dev_track_a,43,0.053562743581936204,0.06306792680313103,True
development/dev_track_a,44,0.07376469783062857,0.0642394875666007,False
development/dev_track_a,45,0.030500542664840632,0.06154163866110397,False
development/dev_track_a,46,0.07680541265618483,0.05095762080453753,False
development/dev_track_a,47,0.019876312869792762,0.035672231996545935,False
development/dev_track_a,48,0.042044034646463654,0.04954466062973601,False
development/dev_track_a,49,0.08277541898796471,0.06391122755294737,True
development/dev_track_a,50,0.04023592107458803,0.06710560135725203,True
development/dev_track_a,51,0.018030403769497653,0.018976281187699406,False
development/dev_track_a,52,0.06811552229537278,0.06127376712248414,True
development/dev_track_a,53,0.1282821320535857,0.08886455070159835,False
development/dev_track_a,54,0.07327885030851931,0.0472612221427023,False
development/dev_track_a,55,0.07648272987016308,0.05459612734589806,False
development/dev_track_a,56,0.11392190160177912,0.08802808995026293,False
development/dev_track_a,57,0.08279251874513752,0.09636887696284373,True
development/dev_track_a,58,0.080703687383073,0.09861075301082649,True
development/dev_track_a,59,0.016712288633928894,0.04476401976377868,True
development/dev_track_a,60,0.09206817053877689,0.06938588853733331,False
development/dev_track_a,61,0.0572310774034162,0.04286763388152532,False
development/dev_track_a,62,0.05780019677511025,0.043377506483112754,False
development/dev_track_a,63,0.06773622528565972,0.06480589857739162,True
development/dev_track_a,64,0.010627947474144361,0.0418443749401476,True
development/dev_track_a,65,0.03622973332946956,0.08217619212818598,True
development/dev_track_a,66,0.07112408107924241,0.04155797393935422,False
development/dev_track_a,67,0.04392434407068897,0.0343763115040929,False
development/dev_track_a,68,0.06097698749618214,0.03383343521643097,False
development/dev_track_a,69,0.0644997915722942,0.037205172211120234,False
development/dev_track_a,70,0.016561923904788896,0.018055253509398714,True
development/dev_track_a,71,0.0423584998384313,0.07833997256097303,False
development/dev_track_a,72,0.06873232050808878,0.042416219072709274,True
development/dev_track_a,73,0.0563086985628743,0.04180590182947523,False
development/dev_track_a,74,0.027934089856080934,0.05308531443121704,True
development/dev_track_a,75,0.020675485103323378,0.047118216732199826,False
development/dev_track_a,76,0.08155192955568291,0.03357431077193068,True
development/dev_track_a,77,0.06141875222459908,0.07106709077226188,False
development/dev_track_a,78,0.042303490463995494,0.016160767814950433,False
development/dev_track_a,79,0.0628891362017077,0.09187429013467582,False
development/dev_track_a,80,0.0222678786469491,0.043399908054228754,False
development/dev_track_a,81,0.03601932003312388,0.06084245491798755,True
development/dev_track_a,82,0.026934846327835167,0.023505405922422166,True
development/dev_track_a,83,0.04164373222940463,0.08578556104239352,True
development/dev_track_a,84,0.060389806692370415,0.07575978282744877,True
development/dev_track_a,85,0.11094349888375797,0.07777318262466622,False
development/dev_track_a,86,0.0635611008357866,0.0611298297623879,False
development/dev_track_a,87,0.0648031286569045,0.0382864806247031,False
development/dev_track_a,88,0.03737501790558697,0.051179141031448085,True
development/dev_track_a,89,0.07565959740744933,0.05826893579867624,False
development/dev_track_a,90,0.009735246649473768,0.04861593948279601,True
development/dev_track_a,91,0.10880359968746244,0.078855871242536,False
development/dev_track_a,92,0.08197932820805973,0.07233541896600473,False
development/dev_track_a,93,0.0605118903197306,0.07316155747676856,False
development/dev_track_a,94,0.08260834824122333,0.048571586393944884,False
development/dev_track_a,95,0.0913577745280061,0.08110139567964073,True
development/dev_track_a,96,0.10428313154583674,0.03826337319343436,False
development/dev_track_a,97,0.07254006619826696,0.07264613636576649,True
development/dev_track_a,98,0.043600384012839444,0.04973603642693626,False
development/dev_track_a,99,0.07927198243140045,0.043720703541024995,True
development/dev_track_a,100,0.06532539962909634,0.15533225764993894,True
development/dev_track_a,101,0.019867189423116657,0.06821277727221044,True
development/dev_track_a,102,0.08136778799651181,0.14262958642679915,False
development/dev_track_a,103,0.05863418272372568,0.05587698439548038,False
development/dev_track_a,104,0.04454363000463825,0.04471376972238525,True
development/dev_track_a,105,0.0392563876051843,0.04997744121794112,False
development/dev_track_a,106,0.0339003837601518,0.06724253867438608,False
development/dev_track_a,107,0.08854229211017908,0.04078465647128778,True
development/dev_track_a,108,0.019333665169300827,0.09760786980849148,False
development/dev_track_a,109,0.029334120492328888,0.04926195626224044,False
development/dev_track_a,110,0.04755135221633057,0.05514661276987902,True
development/dev_track_a,111,0.062514880566598,0.034295568507950534,False
development/dev_track_a,112,0.09710971247660449,0.05952516412971451,False
development/dev_track_a,113,0.04518087198347736,0.05841456168598508,False
development/dev_track_a,114,0.04108222997515483,0.05188456983214165,True
development/dev_track_a,115,0.08643243517095953,0.07116607934440489,True
development/dev_track_a,116,0.05215292263308881,0.10955209859928466,False
development/dev_track_a,117,0.07426149012485873,0.05669926954205847,True
development/dev_track_a,118,0.06531005828475256,0.07466436475381122,False
development/dev_track_a,119,0.06130898768853851,0.05736831047193019,True
development/dev_track_a,120,0.04989705337001655,0.08119016398512645,True
development/dev_track_a,121,0.06338494527948406,0.06695099192768013,False
development/dev_track_a,122,0.05325814449212745,0.08500824118667225,True
development/dev_track_a,123,0.05507820388500744,0.03307756897361883,True
development/dev_track_a,124,0.04487284227868668,0.01811263326446956,True
development/dev_track_a,125,0.037459603350622546,0.05948752041924505,False
development/dev_track_a,126,0.04198669184015319,0.04735977338791937,False
development/dev_track_a,127,0.07764941839913966,0.07633984432699896,False
development/dev_track_a,128,0.07847327531708227,0.05813116926065899,True
development/dev_track_a,129,0.05340509632378461,0.05806801006839128,False
development/dev_track_a,130,0.0827109695444487,0.04820632925740138,False
development/dev_track_a,131,0.051774752726493296,0.014253197819324928,True
development/dev_track_a,132,0.022200233673237077,0.07452714519934314,True
development/dev_track_a,133,0.10081163250821533,0.07526493233478117,True
development/dev_track_a,134,0.05424513087532139,0.058249103422442515,False
development/dev_track_a,135,0.04875966844059156,0.06556389589605446,True
development/dev_track_a,136,0.053541622956304186,0.07093714279983383,False
development/dev_track_a,137,0.04605826255872627,0.0878995418133744,False
development/dev_track_a,138,0.030094637643024495,0.03859495772011937,True
development/dev_track_a,139,0.03651286356497031,0.01623536440146733,True
development/dev_track_a,140,0.06358764049310106,0.051704784323153646,False
development/dev_track_a,141,0.06498069817614927,0.05981790946829561,False
development/dev_track_a,142,0.06144292826973426,0.07929482301665564,False
development/dev_track_a,143,0.09140724380144369,0.07931421694592691,False
development/dev_track_a,144,0.07405026171079605,0.03825041942622296,True
development/dev_track_a,145,0.08552109785338319,0.083575012688087,True
development/dev_track_a,146,0.06067533830560935,0.06459720601529813,False
development/dev_track_a,147,0.03530146490600762,0.09092453536708164,True
development/dev_track_a,148,0.02265790870120667,0.03009908053447671,False
development/dev_track_a,149,0.04117773982905709,0.06844768460628108,False
development/dev_track_a,150,0.060568404807052195,0.055818583659869574,True
development/dev_track_a,151,0.11964611888440921,0.048665340282199814,True
development/dev_track_a,152,0.04391561665651794,0.04393916055925819,True
development/dev_track_a,153,0.04080631247158728,0.0716071767001822,True
development/dev_track_a,154,0.08012114583229199,0.07672745425096754,True
development/dev_track_a,155,0.03289505056661557,0.04200398114412071,False
development/dev_track_a,156,0.045892816954994226,0.07212140874702758,True
development/dev_track_a,157,0.04372260382139589,0.07487546952837924,True
development/dev_track_a,158,0.04478230726382943,0.0538827224136711,False
development/dev_track_a,159,0.02320543432149046,0.01266201702742744,False
development/dev_track_a,160,0.061491103411323064,0.057376415345112175,True
development/dev_track_a,161,0.06172951681463578,0.04930650926885421,True
development/dev_track_a,162,0.07025089221588508,0.07137057867034592,False
development/dev_track_a,163,0.07525268048719105,0.06608721612603134,True
development/dev_track_a,164,0.06452260623255791,0.058808474474461477,True
development/dev_track_a,165,0.0357183413085212,0.03229271383663584,False
development/dev_track_a,166,0.035848700380691614,0.022554029743304824,False
development/dev_track_a,167,0.06807260911598291,0.06061228261453883,False
development/dev_track_a,168,0.07812128291757216,0.038202735169288765,True
development/dev_track_a,169,0.10371581878043067,0.07986825948827976,False
development/dev_track_a,170,0.05271782230986559,0.057423288175221895,True
development/dev_track_a,171,0.07708007519207959,0.12775970879077625,True
development/dev_track_a,172,0.06311225050007345,0.19197488986899555,False
development/dev_track_a,173,0.05481954806280603,0.046323392985364704,True
development/dev_track_a,174,0.051793824676933393,0.057113216837271504,False
development/dev_track_a,175,0.06352705938336864,0.2015464152099706,True
development/dev_track_a,176,0.03256156730494346,0.03359418131189829,True
development/dev_track_a,177,0.04731548373594227,0.07395665470786958,True
development/dev_track_a,178,0.047546184758125005,0.030808641234955005,True
development/dev_track_a,179,0.04993194673234901,0.03898278954810301,False
development/dev_track_a,180,0.03022883898003363,0.037030324716913816,False
development/dev_track_a,181,0.048950948654440725,0.07546774385551454,True
development/dev_track_a,182,0.06219372294731504,0.07453258164160345,True
development/dev_track_a,183,0.06719667620499829,0.06549286000328686,False
development/dev_track_a,184,0.10154357991416896,0.05552874548088448,False
development/dev_track_a,185,0.05984949555504218,0.062122549645297495,False
development/dev_track_a,186,0.040578025745993083,0.047704074447101855,False
development/dev_track_a,187,0.07425904171517035,0.07642371296697403,True
development/dev_track_a,188,0.06522667449359763,0.029520433754692633,True
development/dev_track_a,189,0.03807205133844882,0.06829459549933851,False
development/dev_track_a,190,0.08090867667573325,0.06245713676477406,True
development/dev_track_a,191,0.06685914342896714,0.07919168177949328,True
development/dev_track_a,192,0.08519904992030136,0.07379569402578384,True
development/dev_track_a,193,0.030168173703341572,0.05658277446420188,True
development/dev_track_a,194,0.05041643178345967,0.022837339204694555,False
development/dev_track_a,195,0.051059884053794934,0.04604542144256584,True
development/dev_track_a,196,0.012341449232601455,0.03575288047128035,False
development/dev_track_a,197,0.07038174129783041,0.05799810573496379,True
development/dev_track_a,198,0.04578022545255674,0.059104365653434784,False
development/dev_track_a,199,0.05498152034056067,0.04423246820076032,False
development/dev_track_a,200,0.034133336895443685,0.061485916982031166,True
