split_id,row_index,gest_spectral_glove300_spatial_a,gest_spectral_glove300_spatial_b,label
development/dev_track_a,1,0.5131716116462217,0.5847170251945227,False
development/dev_track_a,2,0.6407693861768533,0.6272760700089739,True
development/dev_track_a,3,0.6742956825650178,0.6671367883261956,False
development/dev_track_a,4,0.9999997913837695,0.8475061584254822,False
development/dev_track_a,5,0.642760061806428,0.6746785827459983,False
development/dev_track_a,6,0.6043817872545972,0.6003939568644197,False
development/dev_track_a,7,0.7648710976579489,0.7894137266453022,False
development/dev_track_a,8,0.9999997615814493,0.7455357020454761,False
development/dev_track_a,9,0.49921810636304276,0.9999998509883965,True
development/dev_track_a,10,0.5472731100970728,0.8177446831617007,True
development/dev_track_a,11,0.6091937292583312,0.9999998807907247,True
development/dev_track_a,12,0.8141385538412864,0.7057311289630974,True
development/dev_track_a,13,0.7549011628418111,0.614148185950734,True
development/dev_track_a,14,0.4940207456927818,0.6213440935602096,True
development/dev_track_a,15,0.7318317017755864,0.6047290618959932,False
development/dev_track_a,16,0.5779009964584116,0.5335263291879734,True
development/dev_track_a,17,0.7344767390659416,0.7515446839875359,True
development/dev_track_a,18,0.5181230726654694,0.5725789834417669,False
development/dev_track_a,19,0.9999999701976772,0.9022512879593197,True
development/dev_track_a,20,0.4497286379337311,0.6011871516350784,True
development/dev_track_a,21,0.4962417637941569,0.46757406382869915,True
development/dev_track_a,22,0.8095570078888262,0.6388799572992389,True
development/dev_track_a,23,0.6499956667428414,0.6274109926925906,False
development/dev_track_a,24,0.7116427765318422,1.0,True
development/dev_track_a,25,0.6741358436901643,0.5754599228227195,True
development/dev_track_a,26,0.9999999403953552,1.0,True
development/dev_track_a,27,0.9999997913837695,0.9999999105930448,False
development/dev_track_a,28,0.6425079938012339,0.8799682140397663,True
development/dev_track_a,29,0.4644770643426746,0.537097330439409,True
development/dev_track_a,30,0.5508056714890719,0.6480026664730708,True
development/dev_track_a,31,0.43945047981137275,0.44892341507394135,False
development/dev_track_a,32,0.4660441756805043,0.3134583568349405,False
development/dev_track_a,33,1.0,0.6193525833470325,False
development/dev_track_a,34,0.5556549529145692,0.6797314274551179,True
development/dev_track_a,35,0.4333341976007318,0.39762724666270444,True
development/dev_track_a,36,0.4249628826997954,0.9999997913837606,True
development/dev_track_a,37,0.5713655267518131,0.6562731675776043,False
development/dev_track_a,38,0.9999997913837695,0.6840470809880399,False
development/dev_track_a,39,0.6663894852415462,0.4940207162468534,False
development/dev_track_a,40,0.7373358167805834,0.7953286414946745,True
development/dev_track_a,41,0.6803372096814436,1.0,True
development/dev_track_a,42,1.0000000298023237,1.0000000298023237,True
development/dev_track_a,43,0.6529128770660015,0.5997220099055192,True
development/dev_track_a,44,0.5950937753803998,0.5950937753803998,False
development/dev_track_a,45,0.6746785827459983,0.6746786430669688,False
development/dev_track_a,46,0.568103339189093,0.6343943694594889,False
development/dev_track_a,47,0.7883670582333734,0.5038948650485437,False
development/dev_track_a,48,0.7172569755826892,0.7278164136683289,False
development/dev_track_a,49,0.7351699787175681,0.6645906967412595,True
development/dev_track_a,50,0.6428110429273792,0.7072437580082611,True
development/dev_track_a,51,0.4210848557302472,0.40151543012169705,False
development/dev_track_a,52,0.6285858409723846,0.7719504509031235,True
development/dev_track_a,53,0.9999999701976772,0.4731743822731975,False
development/dev_track_a,54,0.7305710258569426,0.7539691475648249,False
development/dev_track_a,55,0.5929373391941382,0.6848613399432493,False
development/dev_track_a,56,0.9999999403953659,0.5070850840705533,False
development/dev_track_a,57,0.6851223282333686,0.9999997913837695,True
development/dev_track_a,58,0.8412562797956133,0.9999999105930395,True
development/dev_track_a,59,0.38439204832386487,0.5343209304927367,True
development/dev_track_a,60,0.6555726928838311,0.8019368527588071,False
development/dev_track_a,61,0.5999286830489017,0.4163000931560945,False
development/dev_track_a,62,0.9999999701976772,0.4858701092716973,False
development/dev_track_a,63,0.5538880760803132,0.9999999403953659,True
development/dev_track_a,64,0.4982470571994808,0.7116428189490558,True
development/dev_track_a,65,0.5714766042544491,0.7995304704272144,True
development/dev_track_a,66,0.9999999403953659,0.7618608758615404,False
development/dev_track_a,67,0.6060015432832786,0.7006845831054946,False
development/dev_track_a,68,0.5040489430369207,0.45236888811773807,False
development/dev_track_a,69,0.6373152189287083,0.7260391822398892,False
development/dev_track_a,70,0.3687818018691136,0.693707383429124,True
development/dev_track_a,71,0.7662187497355044,0.9999999701976772,False
development/dev_track_a,72,0.6263574957847629,0.5270490489289469,True
development/dev_track_a,73,0.5196883809845128,0.5147003667324475,False
development/dev_track_a,74,0.7765742210657292,0.8656337083309542,True
development/dev_track_a,75,0.4321376931462128,0.494237497964131,False
development/dev_track_a,76,0.9999999701976772,0.5641059799067998,True
development/dev_track_a,77,0.7226503606661582,0.7134316096556733,False
development/dev_track_a,78,0.4281803455137795,0.4876953974133256,False
development/dev_track_a,79,0.7240250439613967,0.7346172272011166,False
development/dev_track_a,80,0.794727158860735,0.7267508236466856,False
development/dev_track_a,81,0.9999999403953552,0.9999998509884054,True
development/dev_track_a,82,0.5810788003982873,0.5644735280620643,True
development/dev_track_a,83,0.5243639320893368,0.7520242629022285,True
development/dev_track_a,84,0.6757880835785767,1.0,True
development/dev_track_a,85,0.9999999701976825,0.6240431294415527,False
development/dev_track_a,86,0.6308571948323822,0.9999999701976772,False
development/dev_track_a,87,0.8914601867520762,0.6726051563675589,False
development/dev_track_a,88,0.7729573886159936,0.43581941190072504,True
development/dev_track_a,89,1.0000000298023237,1.0,False
development/dev_track_a,90,0.5708581890888664,0.6765676333565979,True
development/dev_track_a,91,0.8353561955265766,0.5861880501824513,False
development/dev_track_a,92,0.6416694139439229,1.0000000298023237,False
development/dev_track_a,93,0.5177175823274852,0.999999821186087,False
development/dev_track_a,94,0.6129313159348408,0.6029207583760311,False
development/dev_track_a,95,0.9999998509884054,0.999999821186087,True
development/dev_track_a,96,0.7607398687690655,0.7607398914408813,False
development/dev_track_a,97,0.9999999403953552,0.9999997317791336,True
development/dev_track_a,98,0.5602623748466522,0.999999821186087,False
development/dev_track_a,99,0.6216379073801744,0.6494135678513565,True
development/dev_track_a,100,0.733046124421634,0.668598651713256,True
development/dev_track_a,101,0.4884876026525971,0.659327030838102,True
development/dev_track_a,102,0.685122348651606,1.0,False
development/dev_track_a,103,0.6966443215840542,0.5835452154089341,False
development/dev_track_a,104,0.5823023643639113,0.5947127229317757,True
development/dev_track_a,105,0.9999998509884054,0.6834996123910412,False
development/dev_track_a,106,0.662168304661711,0.7216451069751114,False
development/dev_track_a,107,0.6572211197351074,0.7281642284197535,True
development/dev_track_a,108,0.3898100686299719,0.5749305740040239,False
development/dev_track_a,109,0.8029558654195231,0.6848811490940011,False
development/dev_track_a,110,1.0000000298023237,0.9999999701976772,True
development/dev_track_a,111,0.6599917417772073,0.5543058715511731,False
development/dev_track_a,112,0.7599293649301843,0.6518494707570237,False
development/dev_track_a,113,0.5269737964593944,0.5564688278296961,False
development/dev_track_a,114,0.4107202344703564,0.6083043451127811,True
development/dev_track_a,115,0.7901356345334285,0.752462297384465,True
development/dev_track_a,116,0.6118616924450764,0.5152428132006153,False
development/dev_track_a,117,1.0000000298023237,0.508303686728963,True
development/dev_track_a,118,0.9999997913837606,0.6149821923689098,False
development/dev_track_a,119,0.813946816811526,0.7899680513200584,True
development/dev_track_a,120,0.6085625161454062,0.760825185677387,True
development/dev_track_a,121,0.4976822586939693,0.5623729154619079,False
development/dev_track_a,122,0.7325837334890684,0.8133263214437578,True
development/dev_track_a,123,0.5432132431014487,0.47457689349926785,True
development/dev_track_a,124,0.5199168741826875,0.5666972150359699,True
development/dev_track_a,125,0.568849870367359,0.4775181128073872,False
development/dev_track_a,126,0.5089089122739778,0.37986124277942196,False
development/dev_track_a,127,0.6540798155021824,0.8771004227280113,False
development/dev_track_a,128,0.9999998807907247,0.6851223282333686,True
development/dev_track_a,129,0.4497403726368565,0.4926206776355889,False
development/dev_track_a,130,0.9999999105930448,0.6577881982578995,False
development/dev_track_a,131,0.6064656665227285,0.6083492326216023,True
development/dev_track_a,132,0.4922901098555296,0.6104401400291819,True
development/dev_track_a,133,0.9999998807907247,0.7619909700764723,True
development/dev_track_a,134,0.7157895138389213,0.5645168178503459,False
development/dev_track_a,135,0.5959729437860317,0.6169055560939841,True
development/dev_track_a,136,0.9999997615814493,0.6851223690698404,False
development/dev_track_a,137,1.0,0.8229597667193654,False
development/dev_track_a,138,0.6001065015729378,0.5892235530348325,True
development/dev_track_a,139,0.5171739150778143,0.9999998509884054,True
development/dev_track_a,140,0.79196030021305,0.7579118446269233,False
development/dev_track_a,141,0.5639301034274598,0.9999999701976825,False
development/dev_track_a,142,0.6513224659773713,0.7890797618305786,False
development/dev_track_a,143,0.5636666937271722,0.5195578754607003,False
development/dev_track_a,144,0.5156832472369173,0.9999998807907247,True
development/dev_track_a,145,0.6128260358779387,0.6337640940372709,True
development/dev_track_a,146,0.7316022079228052,1.0000000000000053,False
development/dev_track_a,147,0.6854984743447503,0.7327813069354722,True
development/dev_track_a,148,0.4245350450831598,0.4701842561089588,False
development/dev_track_a,149,0.49886670722166215,0.5053146475178424,False
development/dev_track_a,150,0.7180174329260072,0.7104865061656825,True
development/dev_track_a,151,0.6012239873044518,0.47261785378785887,True
development/dev_track_a,152,0.9022513417376904,0.9999999701976772,True
development/dev_track_a,153,0.5563920238859624,0.585228289054136,True
development/dev_track_a,154,0.7157317738852771,0.7248787015821098,True
development/dev_track_a,155,0.6146297135010759,0.8335649668756098,False
development/dev_track_a,156,0.5206404744624359,0.7377191058899493,True
development/dev_track_a,157,0.7984624149248063,0.6298836910863291,True
development/dev_track_a,158,0.8420258352725702,0.9999998807907247,False
development/dev_track_a,159,0.5242249496974117,0.48900829419369846,False
development/dev_track_a,160,1.0,0.6489896000636101,True
development/dev_track_a,161,0.6225161816900667,0.9022513148485046,True
development/dev_track_a,162,0.4929486966477003,0.5885616610740122,False
development/dev_track_a,163,0.6915174104406755,0.5861356751757024,True
development/dev_track_a,164,0.9999999403953659,0.5379956915383707,True
development/dev_track_a,165,0.4773583141138179,0.7739836843033213,False
development/dev_track_a,166,0.999999821186087,0.7638050230915854,False
development/dev_track_a,167,0.6577921517677198,0.5813616840002384,False
development/dev_track_a,168,0.5956720595750737,0.6092740167052726,True
development/dev_track_a,169,0.6735793345946696,0.6510931669362584,False
development/dev_track_a,170,0.6566197089410175,0.6587344218809101,True
development/dev_track_a,171,0.7891841060409539,0.8301261517292755,True
development/dev_track_a,172,0.7974874377250714,0.7636685880718888,False
development/dev_track_a,173,0.9999998807907247,0.7972760442166276,True
development/dev_track_a,174,0.7697538182506198,0.7530868572217085,False
development/dev_track_a,175,0.551512430473053,0.9999998509884054,True
development/dev_track_a,176,0.4995597303700876,0.6637585366132024,True
development/dev_track_a,177,0.6118383274271098,0.6673747499361795,True
development/dev_track_a,178,0.6489640892786873,0.6489640892786873,True
development/dev_track_a,179,0.5489104168250509,0.6531553085857262,False
development/dev_track_a,180,0.481390313977871,0.649347366450965,False
development/dev_track_a,181,0.556413600765442,0.6941755182533839,True
development/dev_track_a,182,0.9999998509884054,0.5498416796562526,True
development/dev_track_a,183,0.597758299312746,0.6060036655662302,False
development/dev_track_a,184,0.9999998807907247,0.7666460325351272,False
development/dev_track_a,185,0.8384926761544327,0.46284588234932755,False
development/dev_track_a,186,0.6104513093156622,0.7304726942669275,False
development/dev_track_a,187,0.9999999105930448,0.9999997913837695,True
development/dev_track_a,188,0.6040462311464961,0.6407661270181947,True
development/dev_track_a,189,0.6273240295262301,0.7511071039576637,False
development/dev_track_a,190,0.6782272639531961,0.7879010456947876,True
development/dev_track_a,191,0.6885661854069012,0.6405007671712915,True
development/dev_track_a,192,0.9999998807907247,0.5068802380370874,True
development/dev_track_a,193,0.7137391525144171,0.4346333522041616,True
development/dev_track_a,194,0.6981180462065236,0.9999998807907247,False
development/dev_track_a,195,0.9999998807907247,0.5428926621143462,True
development/dev_track_a,196,0.13889171431436764,0.24713864973688165,False
development/dev_track_a,197,0.9999999105930448,0.5142436913106635,True
development/dev_track_a,198,0.49512399776661614,0.7225181791164661,False
development/dev_track_a,199,0.7254554360562043,0.46722671780267744,False
development/dev_track_a,200,0.5432047196382619,0.6436018580791534,True
